Name,URL,Status,Manufacturer,Location,Shipping,Products
1UP Keyboards,https://1upkeyboards.com,Normal,FALSE,United States of America,Global,"GBs, Keyboards, Switches, Keycaps, Cables, Wrist Rests, Parts/Tools"
21KB,https://21kb.com,Normal,FALSE,United States of America,Global,Keycaps
3D Keebs,https://3dkeebs.com,Normal,FALSE,United States of America,Global,"GBs, Switches, Parts/Tools"
415 Keys,https://415keys.com,Normal,FALSE,United States of America,Global,"Switches, Parts/Tools"
42 Keebs,https://42keebs.eu,Normal,FALSE,Czech Republic,Global,"GBs, Keyboards, Switches, Keycaps, Parts/Tools"
AEBoards,https://aeboards.com,Normal,TRUE,Australia,Global,"Keyboards, Switches"
Agile,https://agileshop.co,Normal,FALSE,Canada,Global,"Switches, Cables, Deskmats, Parts/Tools"
All Caps,https://allcaps.store,Normal,FALSE,Australia,Global,"GBs, Switches, Keycaps, Deskmats, Parts/Tools"
Alphaerior Keys,https://alpheriorkeys.com,Normal,FALSE,United States of America,Global,"Keyboards, Keycaps, Cables, Deskmats"
AlphaKeys,https://alphakeys.ca,Normal,FALSE,United States of America,Global,"Switches, Keycaps, Deskmats, Parts/Tools"
American Haptics,https://american-haptics.com,Normal,TRUE,United States of America,Global,"Keycaps, Parts/Tools"
Apex Keyboards,https://apexkeyboards.ca,Normal,FALSE,Canada,Global,"GBs, Switches, Keycaps, Deskmats, Parts/Tools"
AshKeebs,https://ashkeebs.com,Normal,FALSE,Canada,Global,"GBs, Parts/Tools"
AuraMech ,https://auramech.com,Untrusted,FALSE,Canada,Global,"GBs, Switches, Keycaps, Deskmats, Wrist Rests, Parts/Tools"
Basekeys,https://basekeys.jp,Normal,FALSE,Japan,Global,"GBs, Keyboards, Switches"
Bear Cables,https://bearcables.com,Normal,TRUE,United States of America,Global,"GBs, Cables, Parts/Tools"
Beekeeb,https://shop.beekeeb.com,Normal,TRUE,Hong Kong,Global,"Split Keyboards, Switches, Keycaps, Cables, Parts/Tools"
BespokeKeys,https://bespokekeys.shop,Normal,FALSE,United States of America,Global,"GBs, Switches, Deskmats, Parts/Tools"
BeyondCustoms,https://beyondcustoms.net,Normal,FALSE,South Africa,Global,Cables
BoardSource,https://boardsource.xyz,Normal,FALSE,United States of America,Global,"Keyboards, Switches, Keycaps, Parts/Tools"
Bolsa Keyboard Supply,https://bolsakeyboardsupply.com,Normal,FALSE,United States of America,United States of America,"GBs, Switches, Keycaps, Deskmats, Parts/Tools"
Borinkei ,https://borinkei.com,Don't miss out,TRUE,United States of America,Global,Wooden Cases
Cable Cult,https://cablecult.co.uk,Normal,TRUE,United Kingdom,Global,"GBs, Keyboards, Cables, Wrist Rests, Parts/Tools"
Caps Unlocked,https://caps-unlocked.com,Normal,FALSE,United Kingdom,Global,"GBs, Keyboards"
CandyKeys,https://candykeys.com,Normal,FALSE,Germany,Global,"GBs, Keyboards, Switches, Keycaps, Cables, Deskmats, Parts/Tools"
CannonKeys,https://cannonkeys.com,Normal,FALSE,United States of America,Global,"GBs, Keyboards, Switches, Keycaps, Cables, Deskmats, Wrist Rests, Parts/Tools"
CBB Planet,https://cbbplanet.com,Normal,FALSE,United States of America,Global,"Switches, Keycaps, Parts/Tools"
CBKBD,https://cbkbd.com,Normal,TRUE,United States of America,Global,"GBs, Keyboards"
CFTKB,https://cftkb.com,Normal,FALSE,United States of America,Global,Keyboards
Chosfox,https://chosfox.com,Normal,FALSE,United States of America,Global,"Keyboards, Switches, Keycaps, Cables, Deskmats, Parts/Tools"
Checkerboards,https://checkerboards.xyz,Normal,FALSE,United States of America,Global,"Ortho Keyboards, Keycaps, Parts/Tools"
Clackeys,https://clackeys.com,Normal,TRUE,United States of America,Global,"Keycaps, Cables, Artisans, Deskmats"
Clark Kable,https://clarkkable.com,Normal,FALSE,Germany,Global,Cables
Clawsome Boards,https://clawboards.xyz,Normal,TRUE,United States of America,Global,"Keyboards, Parts/Tools"
ClickClack,https://clickclack.io,Normal,FALSE,China,Global,"Keycaps, Cables, Parts/Tools"
Clickeys,https://clickeys.nl,Normal,FALSE,Netherlands,Global,"Keyboards, Switches, Keycaps, Cables, Deskmats, Parts/Tools"
Clueboard,https://clueboard.co,Normal,FALSE,United States of America,Global,Keyboards
Coffeekeys,https://coffeekeys.eu,Normal,FALSE,Italy,Global,"GBs, Keyboards, Keycaps, Cables, Wrist Rests, Parts/Tools"
Computer Orbit,https://computerorbit.com,Normal,FALSE,United Kingdom,Global,"Keyboards, Switches, Keycaps, Cables, Deskmats, Parts/Tools"
Contrakey,https://contrakey.com,Normal,FALSE,United States of America,Global,"Keycaps, Deskmats, Parts/Tools"
Controller Works ,https://controller.works,Don't miss out,FALSE,United States of America,Global,"Split Keyboards, Switches, Keycaps"
Crafting Keyboards,https://craftingkeyboards.com,Normal,FALSE,Dominican Republic,Global,"GBs, Keyboards, Switches, Keycaps, Parts/Tools"
Ctrl.Shift.Esc,https://ctrlshiftesc.co.za,Normal,FALSE,South Africa,Global,"Keyboards, Switches, Keycaps, Cables, Deskmats, Parts/Tools"
Custom KBD,https://customkbd.com,Normal,FALSE,Australia,Global,"GBs, Keyboards, Switches, Keycaps, Cables, Deskmats, Parts/Tools"
DailyClack,https://dailyclack.com,Normal,FALSE,Australia,Global,"GBs, Switches, Keycaps, Deskmats, Parts/Tools"
Dangkeebs,https://dangkeebs.com,Normal,FALSE,United States of America,Global,Switches
Das Keyboard,https://daskeyboard.com,Normal,TRUE,Germany,Global,"Keyboards, Switches, Keycaps, Wrist Rests, Parts/Tools"
Desk Candy ,https://deskcandy.xyz,Closed,TRUE,United States of America,Global,"GBs, Keyboards, Switches, Parts/Tools"
Desk Cookies ,https://deskcookies.com,Don't miss out,TRUE,United States of America,Global,Deskmats
DeskHero,https://deskhero.ca,Normal,FALSE,Canada,Global,"GBs, Keyboards, Switches, Keycaps, Deskmats"
DinoKeys ,https://dinokeys.co,Closed,FALSE,United States of America,Global,"Switches, Parts/Tools"
Divinikey,https://divinikey.com,Normal,FALSE,United States of America,Global,"Switches, Keycaps, Parts/Tools"
DIY Keyboards,https://diykeyboards.com,Normal,TRUE,United States of America,Global,"Keyboards, Keycaps, Parts/Tools"
Donut Cables,https://donutcables.com,Normal,TRUE,United States of America,Global,"GBs, Keyboards, Cables, Soldering"
DoyuStudio,https://shopkey.doyustudio.com,Normal,FALSE,Singapore,Global,"GBs, Keyboards, Switches, Parts/Tools"
Dream Cables,https://dream-cables.com,Normal,TRUE,United States of America,Global,Cables
Drop,https://drop.com,Normal,TRUE,United States of America,Global,"GBs, Keyboards, Switches, Keycaps, Cables, Deskmats, Wrist Rests, Parts/Tools"
Dygma,https://dygma.com,Normal,TRUE,Spain,Global,"Keyboards, Switches, Keycaps, Cables"
Elboard Keyboard Supply,https://elboard.store,Normal,FALSE,United States of America,Global,"GBs, Switches, Parts/Tools"
Eloquent Clicks,https://eloquentclicks.com,Normal,FALSE,Europe,Global,"GBs, Keyboards, Switches, Keycaps, Cables, Deskmats, Wrist Rests, Parts/Tools"
Endgame Keys,https://endgamekeys.com,Normal,FALSE,United States of America,Global,Parts/Tools
ePathBuy,https://epathbuy.com,Normal,FALSE,China,Global,"Keyboards, Switches, Keycaps, Parts/Tools"
Epomaker,https://epomaker.com,Normal,TRUE,China,Global,"Keyboards, Switches, Keycaps"
Escape Keyboards,https://esckeyboard.com,Normal,FALSE,Australia,Global,"GBs, Keycaps, Parts/Tools"
FalbaTech,https://falba.tech,Normal,TRUE,United States of America,Global,"Keyboards, Switches, Keycaps, Cables, Parts/Tools"
Fancy Customs,https://fancycustoms.com,Normal,FALSE,Mexico,Global,"GBs, Switches, Keycaps, Cables, Parts/Tools"
Flashquark,https://flashquark.com,Normal,FALSE,United States of America,Global,"GBs, Keyboards, Switches, Keycaps, Cables, Deskmats, Wrist Rests, Parts/Tools"
Firefly Keyboards ,https://fireflykeyboards.com,Closed,FALSE,United States of America,Global,"Switches, Parts/Tools"
Fruitykeeb,https://fruitykeeb.xyz,Normal,TRUE,United States of America,Global,"GBs, Keyboards"
GenesisPC,https://genesispc.in,Normal,FALSE,India,Global,"Keyboards, Switches, Keycaps, Wrist Rests, Parts/Tools"
g Heavy Industries,https://gboards.ca,Normal,FALSE,Canada,Global,"Split Keyboards, Parts/Tools"
GH Search ,https://ghsear.ch,Trending,FALSE,United States of America,None,GBs
Gizmo Engineering,https://gizmo.engineering,Normal,FALSE,Italy,Global,Ortho Keyboards
Glass Door Geeks ,https://greendoorgeeks.com,Don't miss out,TRUE,United States of America,Global,"Foam, Cables, Parts/Tools"
Glorious PC Gaming,https://pcgamingrace.com,Normal,TRUE,United States of America,Global,"Keyboards, Switches, Keycaps, Cables, Deskmats, Wrist Rests, Parts/Tools"
Gray Studio,https://graystudio.club,Normal,FALSE,China,Global,"GBs, Keyboards"
Heebie Keebies,https://heebiekeebies.com,Normal,FALSE,United States of America,Global,"Switches, Parts/Tools"
Hexgears,https://hexgears.store,Normal,TRUE,China,Asia,"GBs, Switches, Keycaps, Deskmats, Parts/Tools"
HEX Keyboards,https://hexkeyboards.com,Normal,TRUE,Singapore,Asia,"GBs, Switches, Keycaps, Deskmats, Parts/Tools"
HID Technologies ,https://hidtech.ca,Closed,FALSE,Canada,Global,"Split Keyboards, Parts/Tools"
HolySwitch,https://holyswitch.co,Normal,FALSE,United States of America,Global,"GBs, Switches"
Hype Keyboards,https://hypekeyboards.ca,Normal,TRUE,Canada,Global,Plates
I/O Boards,https://iokeyboards.eu,Normal,FALSE,Sweden,Global,"GBs, Keyboards, Keycaps, Parts/Tools"
Idobao,https://idobao.net,Normal,TRUE,China,Global,"GBs, Keyboards, Switches, Keycaps, Parts/Tools"
IlumKB,https://ilumkb.com,Normal,FALSE,Singapore,Global,"GBs, Switches, Keycaps, Deskmats, Parts/Tools"
InfinityKey,https://infinitykey.zone,Normal,FALSE,Vietnam,Vietnam,"Keyboards, Switches, Deskmats, Parts/Tools"
Invokeys ,https://invokeys.com,Don't miss out,FALSE,United States of America,Global,"Switches, Parts/Tools"
JUJU Cables,https://jujucables.com,Normal,TRUE,Australia,Global,"Cables, Parts/Tools"
JustKeys,https://justkeys.my,Normal,TRUE,United Kingdom,Global,"GBs, Keycaps, Cables, Deskmats, Parts/Tools"
KanataKeys,https://kanatakeys.co,Normal,FALSE,Canada,Global,"GBs, Keyboards, Switches, Keycaps, Deskmats, Parts/Tools"
Kat Koil,https://katkoil.com,Normal,TRUE,France,Global,Cables
KBDcraft,https://kbdcraft.store,Normal,TRUE,China,Global,"Keyboards, Switches, Keycaps, Cables, Parts/Tools"
KBDFans,https://kbdfans.com,Normal,TRUE,China,Global,"GBs, Keyboards, Switches, Keycaps, Cables, Deskmats, Wrist Rests, Parts/Tools"
KBnordic,https://kbnordic.eu,Normal,FALSE,Sweden,Global,"Switches, Keycaps, Deskmats, Parts/Tools"
KBParadise,https://kbparadise.com,Normal,FALSE,Taiwan,Global,"Keyboards, Keycaps"
Kebo,https://kebo.store,Normal,FALSE,United States of America,Global,"Keyboards, Artisans, Parts/Tools"
Keeb,https://keeb.io,Normal,FALSE,United States of America,Global,"GBs, Split Keyboards, Parts/Tools"
Keeb4You,https://keeb4you.com,Normal,TRUE,Poland,Global,"Split Keyboards, Parts/Tools"
KEEBD,https://keebd.com,Normal,FALSE,Australia,Global,"Keyboards, Switches, Keycaps, Cables, Parts/Tools"
KeebCats,https://keebcats.co.uk,Normal,FALSE,United Kingdom,Global,"GBs, Switches, Parts/Tools"
KEEBMAT,https://keebmat.com,Normal,TRUE,United States of America,Global,Deskmats
KeebMeUp,https://keebmeup.com,Normal,FALSE,United States of America,Global,"GBs, Keyboards, Switches, Keycaps, Parts/Tools"
KeebMonkey,https://keebmonkey.com,Normal,FALSE,United States of America,Global,"Switches, Keycaps, Parts/Tools"
KeebNerd,https://keebnerd.com,Normal,FALSE,United States of America,Global,Apparel
KeebSource,https://keebsource.com,Normal,FALSE,United States of America,United States of America,Parts/Tools
KeebsForAll,https://keebsforall.com,Normal,FALSE,United States of America,Global,"GBs, Keyboards, Switches, Keycaps, Cables, Deskmats, Wrist Rests, Parts/Tools"
Keeb Studio,https://keeb.studio,Normal,FALSE,Belgium,Global,Cables
Keebwerk,https://keebwerk.com,Normal,FALSE,Germany,Global,"GBs, Switches, Parts/Tools"
Keebz,https://keebz.net,Normal,FALSE,United States of America,Global,"GBs, Keycaps, Parts/Tools"
Keyboard Co,https://keyboardco.com,Normal,FALSE,United Kingdom,Global,"Keyboards, Switches, Keycaps, Cables, Deskmats, Wrist Rests, Parts/Tools"
Keyboard Lube,https://keyboardlube.com,Normal,FALSE,United States of America,Global,Parts/Tools
KeyboardTreehouse,https://keyboardtreehouse.com,Normal,TRUE,Australia,Global,"GBs, Keyboards, Keycaps, Switches, Parts/Tools"
Keybumps,https://keybumps.com,Normal,FALSE,United States of America,Global,"GBs, Keyboards, Switches, Keycaps, Cables, Deskmats, Wrist Rests, Parts/Tools"
Keycables,https://keycables.de,Normal,TRUE,Germany,Global,Cables
KeycapLendar ,https://keycaplendar.firebaseapp.com,Trending,FALSE,United States of America,None,GBs
Keycapsets ,https://keycapsets.com,Trending,FALSE,United States of America,None,GBs
Keycapsss,https://keycapsss.com,Normal,FALSE,Germany,Global,"Keyboards, Switches, Keycaps, Parts/Tools"
Keycult,https://keycult.com,Normal,FALSE,United States of America,Global,"GBs, Keyboards, Keycaps, Deskmats"
KeyCrox,https://keycrox.co.uk,Normal,FALSE,United Kingdom,Global,"Switches, Parts/Tools"
Keygem,https://keygem.store,Normal,FALSE,Germany,Global,"GBs, Keyboards, Switches, Keycaps, Cables, Deskmats, Wrist Rests, Parts/Tools"
Keyhive,https://keyhive.xyz,Normal,TRUE,United States of America,Global,Keyboards
Key Plus,https://thekeyplus.shop,Normal,TRUE,France,Global,"Keyboards, Parts/Tools"
KeyPop,https://keypop.net,Normal,FALSE,United States of America,Global,"Keycaps, Parts/Tools"
Keys,https://keys.my,Normal,FALSE,Malaysia,Global,"Keycaps, Switches, Parts/Tools"
KeysPensory,https://keyspensory.store,Normal,FALSE,United States of America,Global,"GBs, Keyboards, Switches, Keycaps, Deskmats"
KeySculptNerd ,https://keysculptnerd.com,Don't miss out,TRUE,China,Global,Wooden Keycaps (Topre/MX)
Keysium,https://keysium.com,Normal,TRUE,United States of America,Global,Keycaps
Keyspresso,https://keyspresso.ca,Normal,FALSE,Canada,Global,"GBs, Parts/Tools"
Keyz,https://keyz.io,Normal,TRUE,Canada,Global,Keyboards
Kimdi Keys,https://kimdi-keys.com,Normal,FALSE,United States of America,Global,"Switches, Parts/Tools"
Kinetic Labs,https://kineticlabs.store,Normal,FALSE,United States of America,Global,"Keycaps, Switches, Parts/Tools"
KinglyKeys ,https://kingly-keys.xyz,Closed,FALSE,United States of America,Global,"GBs, Keyboards, Parts/Tools"
Kirball’s Keys,https://kirballskeys.com,Normal,FALSE,United States of America,Global,"Switches, Parts/Tools"
KiwiClack,https://kiwiclack.com,Normal,FALSE,New Zealand,Global,"Switches, Keycaps, Deskmats, Parts/Tools"
KiwiKeebs,https://kiwikeebs.co.uk,Normal,FALSE,United Kingdom,Global,"GBs, Parts/Tools, Prints"
KNC Keys,https://knckeys.com,Normal,FALSE,United States of America,Global,"Switches, Parts/Tools"
Kono,https://kono.store,Normal,FALSE,United States of America,Global,"GBs, Keyboards, Switches, Keycaps, Cables, Deskmats, Wrist Rests, Parts/Tools"
KORABRAND,https://korabrand.xyz,Normal,FALSE,Slovakia,Global,"GBs, Switches, Deskmats, Parts/Tools"
KPRepublic,https://kprepublic.com,Normal,FALSE,China,Global,"GBs, Keyboards, Switches, Keycaps, Cables, Deskmats, Wrist Rests, Parts/Tools"
Kraken Keyboards,https://krakenkeyboards.com,Normal,TRUE,United States of America,Global,"Keyboards, Keycaps, Cables"
Kriscables,https://kriscables.com,Normal,TRUE,Portugal,Global,"Cables, Parts/Tools"
KTechs,https://ktechs.store,Normal,FALSE,Singapore,Global,"Switches, Keycaps, Cables, Parts/Tools"
KwertieKeys,https://kwertiekeys.com,Normal,FALSE,Taiwan,Global,"GBs, Keyboards, Switches, Keycaps, Cables, Deskmats, Wrist Rests, Parts/Tools"
Kyo Industries,https://kyo.industries,Normal,FALSE,Denmark,Global,"Switches, Keycaps, Parts/Tools"
Landing Pad,https://landingpad.shop,Normal,TRUE,Singapore,Global,"Keyboards, Switches, Keycaps, Cables, Parts/Tools"
Lazy Designers,https://lazydesigners.cn,Normal,TRUE,China,Global,Keyboards
Lemonkeys ,https://lemonkeys.co.nz,Closed,FALSE,New Zealand,Global,"GBs, Keyboards, Switches, Keycaps, Parts/Tools"
Let’s Get It,https://letsgetit.io,Normal,TRUE,Korea,Global,"GBs, Switches, Parts/Tools"
LF Keyboards,https://lfkeyboards.com,Normal,FALSE,United States of America,Global,"Keyboards, Parts/Tools"
Liligecko ,https://liligecko.com,Don't miss out,FALSE,United States of America,Global,"Switches, Parts/Tools"
Little Keyboards,https://littlekeyboards.com,Normal,TRUE,United States of America,Global,"Keyboards, Switches, Cables, Parts/Tools"
Loob,https://loob.no,Normal,FALSE,Norway,Global,Parts/Tools
Lotus Pro ,https://lotuspro.io,Untrusted,FALSE,United States of America,Global,"Keyboards, Switches, Parts/Tools"
Love My Switches,https://lovemyswitches.com,Normal,FALSE,United States of America,Global,Parts/Tools
MAKeyboard,https://makeyboard.com,Normal,FALSE,Canada,Global,"Switches, Parts/Tools"
Malvix,https://store.malvix.com,Normal,FALSE,United States of America,Global,"GBs, Switches, Deskmats, Parts/Tools"
MARVODIY,https://marvopro.com,Normal,TRUE,China,Global,"GBs, Switches, Keyboards, Keycaps, Parts/Tools"
MaxGaming,https://us.maxgaming.com,Normal,FALSE,Sweden,Global,"Keycaps, Deskmats"
MAX Keyboard,https://maxkeyboard.com,Normal,TRUE,United States of America,Global,"Keyboards, Switches, Keycaps, Parts/Tools"
Matrix Keyboard,https://matrixkeyboards.com,Normal,TRUE,United States of America,Global,"Keyboards, Keycaps, Cables, Deskmats, Parts/Tools"
Mauzpads,https://mauzpads.com,Normal,TRUE,United States of America,Global,Deskmats
Mech Boards,https://mechboards.co.uk,Normal,FALSE,United Kingdom,Global,"GBs, Keyboards, Switches, Keycaps, Parts/Tools"
Mech Lands,https://mech.land,Normal,FALSE,Canada,Global,"GBs, Keyboards, Keycaps, Deskmats, Parts/Tools"
Mechanical Keyboards,https://mechanicalkeyboards.com,Normal,FALSE,United States of America,Global,"GBs, Keyboards, Switches, Keycaps, Cables, Deskmats, Wrist Rests, Parts/Tools"
Mechbox,https://mechbox.co.uk,Normal,FALSE,United Kingdom,Global,"Keyboards, Switches, Keycaps, Cables, Parts/Tools"
Mechcables,https://mechcables.com,Normal,TRUE,United States of America,Global,Cables
Mechdiy,https://mechdiy.com,Normal,FALSE,China,Global,"Keyboards, Switches, Keycaps, Cables, Deskmats, Wrist Rests, Parts/Tools"
Mechfashion,https://mechfashion.com,Normal,TRUE,United States of America,Global,"Clothes, Deskpads, Parts/Tools"
MechGroupBuys ,https://mechgroupbuys.com,Trending,FALSE,United States of America,None,GBs
Mechkeeb,https://mechwholesales.com,Normal,FALSE,United States of America,Global,"Keyboards, Switches, Keycaps, Cables, Parts/Tools"
Mechkey,https://mechkey.store,Normal,FALSE,Vietnam,Global,"GBs, Keycaps, Deskmats, Parts/Tools"
Mechlovin’ ,https://mechlovin.studio,Don't miss out,TRUE,United States of America,Global,Parts/Tools
MechMods,https://mechmods.co.uk,Normal,FALSE,United Kingdom,Global,"Switches, Parts/Tools"
MechStock,https://mechstock.com.au,Normal,FALSE,Australia,Global,"Switches, Parts/Tools"
Mechs and Co,https://mechsandco.com,Normal,FALSE,United States of America,Global,"Keyboards, Switches, Deskmats"
Mehkee,https://mehkee.com,Normal,FALSE,United States of America,Global,"Keyboards, Switches, Keycaps, Parts/Tools"
Mekanisk,https://mekanisk.com,Normal,TRUE,Norway,Global,"GBs, Keyboards, Switches, Parts/Tools"
Mekibo,https://mekibo.com,Normal,FALSE,Korea,Global,"GBs, Keyboards, Switches, Keycaps, Cables, Deskmats, Wrist Rests, Parts/Tools"
Melgeek,https://melgeek.com,Normal,TRUE,China,Global,"GBs, Keyboards, Switches, Keycaps, Cables, Deskmats, Wrist Rests, Parts/Tools"
Milktooth,https://milktooth.nu,Normal,FALSE,United States of America,United States of America,Switches
Mino Keys,https://minokeys.com,Normal,FALSE,Canada,Global,"Switches, Keycaps, Cables, Deskmats, Parts/Tools"
Mintlodica,https://mintlodica.com,Normal,TRUE,United States of America,Global,"Switches, Keycaps, Deskmats"
MK Miling,https://mkmilling.com,Normal,TRUE,United States of America,Global,Wooden Cases
MKUltra,https://mkultra.click,Normal,FALSE,United States of America,Global,"GBs, Switches, Foam"
Mode Designs,https://shop.modedesigns.com,Normal,TRUE,United States of America,Global,"GBs, Keyboards, Switches, Keycaps, Cables, Parts/Tools"
Momoka,https://momoka.co,Normal,TRUE,China,Global,"Keyboards, Keycaps, Switches, Cables, Parts/Tools"
Monokei,https://monokei.co,Normal,FALSE,Singapore,Global,"GBs, Keycaps, Deskmats, Parts/Tools"
Monstargears,https://monstargears.com,Normal,FALSE,Korea,Global,"GBs, Keyboards, Switches, Keycaps, Cables, Deskmats, Wrist Rests, Parts/Tools"
Mountain Keyboards,https://mountainkeyboards.com,Normal,FALSE,Australia,Global,"GBs, Keyboards, Switches, Keycaps, Cables, Parts/Tools"
MTB Keys,https://mtbkeys.com,Normal,TRUE,Canada,Global,"Keyboards, Parts/Tools"
MyKeyboard,https://mykeyboard.eu,Normal,FALSE,Belgium,Global,"GBs, Keyboards, Switches, Keycaps, Cables, Deskmats, Wrist Rests, Parts/Tools"
Mythic Cables,https://mythic-cables.com,Normal,TRUE,Australia,Global,Cables
Next Keyboard Club,https://nextkeyboard.club,Normal,TRUE,United States of America,Global,"Split Keyboards, Parts/Tools"
NodeKeyboards ,https://nodekeyboards.xyz,Closed,FALSE,United States of America,Global,"Switches, Parts/Tools"
Nomekeys,https://nomkeys.xyz,Normal,FALSE,United States of America,Global,"Keyboards, Switches, Keycaps, Parts/Tools"
Norbauer & Co,https://shop.norbauer.com,Normal,TRUE,United States of America,Global,"Keyboards, Keycaps, Parts/Tools"
NovelKeys,http://novelkeys.com,Normal,TRUE,United States of America,Global,"GBs, Keyboards, Switches, Keycaps, Cables, Deskmats, Wrist Rests, Parts/Tools"
Noxary,https://noxary.co,Normal,TRUE,United Kingdom,Global,"GBs, Keyboards"
Oblotzky Industries,https://oblotzky.industries,Normal,FALSE,Germany,Global,"GBs, Keycaps, Deskmats, Parts/Tools"
Oh Keycaps!,https://ohkeycaps.com,Normal,TRUE,United States of America,Global,"Split Keyboards, Switches, Keycaps, Deskmats, Parts/Tools"
OLKB,https://olkb.com,Normal,TRUE,United States of America,Global,"Keyboards, Keycaps, Parts/Tools"
Omnitype,https://omnitype.com,Normal,TRUE,United States of America,Global,"Keyboards, Switches, Keycaps, Deskmats, Parts/Tools"
ONEofZERO,https://oneofzero.net,Normal,FALSE,Canada,Global,"GBs, Keyboards, Switches, Keycaps, Deskmats, Wrist Rests, Parts/Tools"
Optic Boards,https://opticboards.com,Normal,FALSE,United Kingdom,Global,"Switches, Parts/Tools"
Originative Co,https://originativeco.com,Normal,FALSE,United States of America,Global,"GBs, Keyboards, Switches, Keycaps, Cables, Deskmats, Wrist Rests, Parts/Tools"
Otakeebs,https://otakeebs.com,Normal,FALSE,United States of America,Global,"GBs, Keyboards, Switches, Keycaps, Cables, Deskmats, Parts/Tools"
P3D Store,https://p3dstore.com,Normal,TRUE,United States of America,Global,"GBs, Keyboards"
Pantheonkeys,https://pantheonkeys.com,Normal,FALSE,Singapore,Asia,"Switches, Deskmats, Cables, Parts/Tools"
Paramount Keeb,https://paramountkeeb.com,Normal,FALSE,United States of America,Asia,"GBs, Keyboards, Switches, Parts/Tools"
PC Keyboard,https://pckeyboard.com,Normal,FALSE,United States of America,Global,Keyboards
Percent Studio,https://percent.studio,Normal,FALSE,United States of America,Global,Keyboards
Perixx,https://perixx.com,Normal,FALSE,Germany,Global,Keyboards
Pexonpcs,https://pexonpcs.co.uk,Normal,FALSE,United Kingdom,Global,Cables
PimpMyKeyboard,https://pimpmykeyboard.com,Normal,FALSE,United States of America,Global,"GBs, Keycaps"
Play Keyboards,https://play-keyboard.store,Normal,TRUE,Taiwan,Global,"GBs, Keyboards, Switches, Keycaps, Cables, Wrist Rests, Parts/Tools"
PolarType ,https://polartype.com,Untrusted,FALSE,Canada,Global,"GBs, Keyboards, Switches, Keycaps, Parts/Tools"
PovertyKeys,https://povertykeys.com,Normal,FALSE,United States of America,Global,"Switches, Keycaps, Parts/Tools"
Prevail Key Co,https://prevailkeyco.com,Normal,FALSE,United States of America,Global,"Switches, Parts/Tools"
PrimeKB,https://primekb.com,Normal,FALSE,United States of America,Global,"GBs, Keyboards, Switches, Keycaps, Parts/Tools"
Profet Keyboards,https://shop.profetkeyboards.com,Normal,TRUE,United States of America,Global,Split Keyboards
Prokeys,https://prokeys.store,Normal,FALSE,United States of America,Global,"Keyboards, Switches, Cables, Wrist Rests, Parts/Tools"
Project Keyboard,https://store.projectkeyboard.com,Normal,FALSE,United States of America,Global,"Keyboards, Keycaps"
Proto[Typist],https://prototypist.net,Normal,FALSE,United Kingdom,Global,"GBs, Keyboards, Keycaps, Deskmats"
Protozoa Studio,https://protozoa.studio,Normal,FALSE,United States of America,Global,"GBs, Switches, Deskmats, Parts/Tools"
QUARK Keys,https://quarkeys.com,Normal,TRUE,United States of America,Global,"GBs, Keyboards, Switches, Keycaps, Parts/Tools"
Qweebs,https://qweebs.com,Normal,FALSE,Czech Republic,Global,"Keyboards, Keycaps, Switches, Parts/Tools"
Qwertyqop,https://qwertyqop.com,Normal,FALSE,Singapore,Global,"Switches, Keycaps, Parts/Tools"
RamaWorks,https://ramaworks.store,Normal,TRUE,Australia,Global,"GBs, Keyboards, Keycaps, Parts/Tools"
Rainkeebs,https://www.rainkeebs.mx,Normal,FALSE,United States of America,Global,"Keyboards, Parts/Tools"
Rebuilt Keyboards,https://rebultkeyboards.com,Normal,FALSE,United States of America,Global,"GBs, Keycaps, Switches, Parts/Tools"
Rectangles,https://rectangles.store,Normal,FALSE,India,Global,"GBs, Keyboards, Switches, Deskmats, Parts/Tools"
RGBKB,https://rgbkb.net,Normal,FALSE,United States of America,Global,"Keyboards, Keycaps, Switches, Parts/Tools"
RiftKeys,https://riftkeys.com,Normal,FALSE,Australia,Global,"Keyboards, Keycaps, Cables, Deskmats, Parts/Tools"
RingerKeys,https://ringerkeys.com,Normal,FALSE,United States of America,Global,Parts/Tools
RnCables,https://rncables.com,Normal,TRUE,Hong Kong,Global,"GBs, Keycaps, Cables, Parts/Tools"
RNDKBD,https://rndkbd.com,Normal,TRUE,Canada,Global,"GBs, Keyboards, Switches, Parts/Tools"
RocketKeyboards,https://rocketkeyboards.com,Normal,FALSE,United States of America,Global,"Keyboards, Switches, Parts/Tools"
Rosecables ,https://rosecables.com,Closed,TRUE,United States of America,Global,Cables
Salvun,https://salvun.com,Normal,FALSE,Belgium,Global,"Keyboards, Keycaps, Parts/Tools"
Shockport Keyboards,https://shockport.com,Normal,FALSE,Canada,Global,"Keyboards, Switches, Parts/Tools"
Shopmech,https://shopmech.com,Normal,FALSE,United States of America,None,"GBs, Keyboards, Switches, Keycaps, Cables, Deskmats, Wrist Rests, Parts/Tools"
Sidders Keebs ,https://sidderskb.co.uk,Closed,TRUE,United Kingdom,Global,Keyboards
Smokey Plates ,https://smokeyplates.eu,Untrusted,FALSE,Germany,Global,Plates
Sneakbox Design,https://sneakbox.com,Normal,TRUE,United States of America,Global,"GBs, Keyboards, Deskmats, Wrist Rests, Parts/Tools"
Southpaw Design,https://southpawdesign.net,Normal,TRUE,United States of America,Global,Split Keyboards
Spacecat,https://spacecat.design,Normal,FALSE,United States of America,Global,"Keycaps, Cables, Parts/Tools"
SplitKB,https://splitkb.com,Normal,FALSE,Netherlands,Global,"Split Keyboards, Keycaps, Switches, Parts/Tools"
STACKS,https://stackskb.com,Normal,FALSE,India,Global,"Keyboards, Switches, Keycaps, Wrist Rests, Parts/Tools"
StayWired Cables,https://staywiredcables.com,Normal,TRUE,United States of America,Global,Cables
Studio Greenfield,https://studiogreenfield.net,Normal,FALSE,Korea,Global,"GBs, Switches, Parts/Tools"
Stupid Bullets Tech,https://stupidbulletstech.com,Normal,FALSE,United States of America,Global,"Switches, Keycaps, Parts/Tools"
StupidFish Designs,https://stupidfish.design,Normal,FALSE,United States of America,Global,Foam
SupeRanked,https://superanked.com,Normal,TRUE,United States of America,Global,Deskmats
Swagkeys,https://swagkeys.com,Normal,FALSE,Korea,Global,"GBs, Keyboards, Switches, Keycaps, Parts/Tools"
SwitchCaptain,https://switchcaptain.com,Normal,FALSE,United States of America,Global,Switches
Switch Couture,https://switchcouture.com,Normal,TRUE,United States of America,Global,"GBs, Keyboards, Parts/Tools"
SwitchHub,https://switchhub.net,Normal,FALSE,United States of America,Global,"Keyboards, Switches, Parts/Tools"
SwitchKeys,https://switchkeys.com.au,Normal,FALSE,Australia,Global,"GBs, Keyboards, Switches, Keycaps, Cables, Deskmats, Wrist Rests, Parts/Tools"
Switchmod,https://switchmod.net,Normal,FALSE,United States of America,Global,"GBs, Parts/Tools"
Switch Oddities ,https://switchoddities.com,Don't miss out,FALSE,United States of America,Global,Switches
switchTop,https://switchtop.com,Normal,FALSE,United States of America,Global,"Switches, Parts/Tools"
Tai-Hao Shop,https://shop.tai-hao.com,Normal,FALSE,Taiwan,Global,Keycaps
TaikoHub,https://taikohub.com,Normal,TRUE,Canada,Global,Split Keyboards
Tastenplatte,https://tastenplatte.de/shop,Normal,FALSE,Germany,Global,"Keyboards, Switches, Parts/Tools"
Teal Technik,https://tealtechnik.com,Normal,FALSE,United States of America,United States of America,"Switches, Keycaps, Wrist Rests, Parts/Tools"
Tex,https://tex.com.tw,Normal,TRUE,Taiwan,Global,"Keyboards, Parts/Tools"
tinkerBOY,https://tinkerboy.xyz,Normal,FALSE,Philippines,Global,Parts/Tools
The Key Company,https://thekey.company,Normal,TRUE,United States of America,Global,"GBs, Switches, Keycaps, Deskmats, Parts/Tools"
ThicThock,https://thicthock.com,Normal,FALSE,Hong Kong,Global,"GBs, Keyboards, Switches, Keycaps, Deskmats, Parts/Tools"
ThocKeys,https://thockeys.com,Normal,FALSE,United States of America,Global,"GBs, Keyboards, Switches, Keycaps, Cables, Deskmats, Wrist Rests, Parts/Tools"
Thock King,https://thockking.com,Normal,FALSE,United States of America,Global,"Switches, Keycaps, Parts/Tools"
ThockPop,https://thockpop.com,Normal,FALSE,United States of America,Global,"Switches, Keycaps, Parts/Tools"
ThocStock ,https://thocstock.com,Trending,FALSE,United States of America,None,"Keyboards, Switches, Keycaps, Cables, Deskmats, Wrist Rests, Parts/Tools"
Thok,https://thok.click,Normal,TRUE,Australia,Global,"Keycaps, Cables"
Treasure,https://treasuretypes.com,Normal,FALSE,France,Global,"GBs, Macropads"
TyprTools,https://typr.tools,Normal,FALSE,United States of America,United States of America,"GBs, Deskmats, Parts/Tools"
TX Keyboards,https://kr.txkeyboards.com,Normal,FALSE,Korea,Global,"GBs, Keyboards, Switches, Keycaps, Cables, Deskmats, Wrist Rests, Parts/Tools"
UK Keycaps ,https://ukkeycaps.co.uk,Closed,FALSE,United Kingdom,Global,"GBs, Keycaps, Parts/Tools"
UNIQEY,https://uniqey.net,Normal,TRUE,Germany,Global,"Keyboards, Keycaps, Parts/Tools"
Unreal Keyboards,https://unrealkeyboards.com,Normal,FALSE,United States of America,Global,"Torpe Keyboards, Parts/Tools"
Unspoken Deskpads,https://unspokendeskpads.com,Normal,TRUE,United Kingdom,Global,"GBs, Deskmats, Wrist Rests"
Upgrade Keyboards,https://upgradekeyboards.com,Normal,TRUE,United States of America,Global,"Keyboards, Switches, Keycaps, Cables, Deskmats, Parts/Tools"
Vala Supply,https://vala.supply,Normal,FALSE,United States of America,Global,"GBs, Keyboards, Deskmats, Keycaps"
VintKeys,https://vintkeys.ca,Normal,TRUE,Canada,Global,"Switches, Parts/Tools"
Vkeycaps,https://vkeycaps.art,Normal,TRUE,Ukraine,Global,Artisans
Vortex Keyboard ,https://vortexgear.store,Don't miss out,TRUE,Taiwan,Global,"Keyboards, Switches, Keycaps, Parts/Tools"
Wallet Burner Industries,https://walletburner.co,Normal,TRUE,United States of America,Global,Keyboards
WASD Keyboards,https://wasdkeyboards.com,Normal,TRUE,United States of America,Global,"GBs, Keyboards, Switches, Keycaps, Cables, Deskmats, Wrist Rests, Parts/Tools"
WestM,https://westm.ca,Normal,TRUE,Canada,Global,"Keycaps, Cables, Deskmats"
Winnja Cables,https://winnja.com,Normal,TRUE,United States of America,Global,"Cables, Parts/Tools"
Wooting,https://wooting.io,Normal,TRUE,Netherlands,Global,"Keyboards, Keycaps, Wrist Rests"
X-Bows,https://x-bows.com,Normal,TRUE,United Kingdom,Global,"Keyboards, Switches, Parts/Tools"
YMDKey,https://ymdkey.com,Normal,TRUE,China,Global,"GBs, Keyboards, Switches, Keycaps, Wrist Rests, Parts/Tools"
Yong Qiu,https://yong-qiu.com,Normal,FALSE,China,Global,"Keyboards, Switches, Keycaps, Cables, Parts/Tools"
Yushakobo,https://yushakobo.jp,Normal,FALSE,Japan,Global,"Keyboards, Switches, Keycaps, Parts/Tools"
Zap Cables,https://zapcables.com,Normal,FALSE,United States of America,Global,"Keyboards, Cables, Deskmats, Parts/Tools"
ZealPC,https://zealpc.net,Normal,TRUE,Canada,Global,"GBs, Keyboards, Switches, Keycaps, Parts/Tools"
Zenclack,https://zenclack.com,Normal,FALSE,United States of America,Global,"Switches, Keycaps, Deskmats, Parts/Tools"
zFrontier,https://en.zfrontier.com,Normal,FALSE,China,Global,"GBs, Keyboards, Keycaps"
Zion Studios ,https://zionstudios.ph,Don't miss out,FALSE,Philippines,Global,"GBs, Keyboards, Switches, Keycaps, Cables, Deskmats, Wrist Rests, Parts/Tools"
